,Date,Year,Month,Unit,Type_Of_Meat,Count
0,2010-01-01,2010,1,"1,000 Head",Poultry,"672,760.0011,178.0017,480.00"
1,2010-01-01,2010,1,"1,000 Head",Red Meat,"2,705.401,281.80828.8314.3236.444.282.88,907.008,630.00244.332.7186.5174.412.12,656.701,258.70813.9308.6232.143.481.68,837.708,562.90242.432.4173.216211.2"
2,2010-02-01,2010,2,"1,000 Head",Poultry,"651,808.0010,236.0017,722.00"
3,2010-02-01,2010,2,"1,000 Head",Red Meat,"2,546.801,212.10818.8251.2226.837.9748,691.308,427.30230.533.5178.9166.112.82,502.901,191.20804.7246.9222.937.272.98,618.608,356.80228.633.2167.4155.412"
4,2010-03-01,2010,3,"1,000 Head",Poultry,"748,976.0012,742.0020,746.00"
5,2010-03-01,2010,3,"1,000 Head",Red Meat,"2,911.501,420.50878.2297260.85579.910,031.509,707.90283.240.4263.2247.515.72,863.601,397.20863.8292.1256.554.178.89,947.009,626.10280.840.1249.4234.514.9"
6,2010-04-01,2010,4,"1,000 Head",Poultry,"714,528.0012,221.0019,153.00"
7,2010-04-01,2010,4,"1,000 Head",Red Meat,"2,846.001,418.70827.5302.2238.55968.59,056.208,777.80246.132.4190.2174.2162,801.601,396.40814.6297.5234.858.167.48,979.908,703.8024432.1174.9160.114.7"
8,2010-05-01,2010,5,"1,000 Head",Poultry,"705,876.0011,543.0018,440.00"
9,2010-05-01,2010,5,"1,000 Head",Red Meat,"2,784.101,419.60790306212.256.260.37,971.607,719.70221.130.8182.9168.114.82,742.901,398.70778.3301.5209.155.459.17,897.207,647.7021930.5167.3153.813.5"
10,2010-06-01,2010,6,"1,000 Head",Poultry,"744,289.0012,353.0021,039.00"
11,2010-06-01,2010,6,"1,000 Head",Red Meat,"3,049.501,587.30873.3316217.455.468.59,046.308,767.20249.329.9212.1196.615.53,004.101,563.80860.3311.3214.254.667.38,968.008,691.40247.129.6194.218014.2"
12,2010-07-01,2010,7,"1,000 Head",Poultry,"730,328.0012,119.0020,403.00"
13,2010-07-01,2010,7,"1,000 Head",Red Meat,"2,899.201,495.00835.1289.2228.851.175.18,469.008,196.60241.830.6197.5185.911.62,860.001,474.80823.8285.3225.750.474.18,395.508,125.50239.730.3178.3167.810.5"
14,2010-08-01,2010,8,"1,000 Head",Poultry,"768,661.0012,707.0021,587.00"
15,2010-08-01,2010,8,"1,000 Head",Red Meat,"2,954.901,482.40894288.4234.355.8769,114.908,840.90246.727.4204.719113.72,912.001,460.90881284.2230.95574.89,030.408,758.90244.427.1184.8172.412.4"
16,2010-09-01,2010,9,"1,000 Head",Poultry,"754,528.0012,618.0020,574.00"
17,2010-09-01,2010,9,"1,000 Head",Red Meat,"2,897.401,415.20868.1306.5247.460.371.29,346.609,064.00253.129.5204.7191.113.62,850.801,392.30854.1301.6243.459.3709,256.708,976.70250.729.2186173.612.4"
18,2010-10-01,2010,10,"1,000 Head",Poultry,"723,409.0010,928.0023,139.00"
19,2010-10-01,2010,10,"1,000 Head",Red Meat,"2,862.101,368.30870332.3235.955.671.59,732.209,444.30260.727.2202.1186.1162,809.201,343.10853.9326.2231.554.6709,651.109,365.60258.527184.617014.6"
20,2010-11-01,2010,11,"1,000 Head",Poultry,"709,715.0010,248.0023,075.00"
21,2010-11-01,2010,11,"1,000 Head",Red Meat,"2,876.301,359.20862.4356.6245.153739,971.509,685.30260.226218.8202.216.62,830.401,337.40848.6350.9241.252.271.79,894.909,610.90258.225.8201.1185.815.3"
22,2010-12-01,2010,12,"1,000 Head",Poultry,"724,463.0012,050.0019,261.00"
23,2010-12-01,2010,12,"1,000 Head",Red Meat,"2,915.901,405.00864.2329.2269.348.277.79,921.809,637.90254.829.1216204.411.62,867.701,381.80849.9323.8264.847.476.69,837.809,556.40252.628.9200189.310.7"
24,2011-01-01,2011,1,"1,000 Head",Poultry,"713,525.0011,596.0018,846.00"
25,2011-01-01,2011,1,"1,000 Head",Red Meat,"2,734.001,304.20822.5295.2268.443.771.99,104.408,838.5024025.9161.4151.210.22,687.201,281.80808.4290.1263.84370.89,036.108,772.20238.225.7150.51419.5"
26,2011-02-01,2011,2,"1,000 Head",Poultry,"659,359.0010,999.0017,978.00"
27,2011-02-01,2011,2,"1,000 Head",Red Meat,"2,621.301,242.30831.3251.9252.94368.88,506.008,257.80222.126.1155146.48.62,580.101,222.80818.2247.9248.942.367.98,439.908,193.70220.425.9145.5137.48.1"
28,2011-03-01,2011,3,"1,000 Head",Poultry,"764,270.0012,982.0021,166.00"
29,2011-03-01,2011,3,"1,000 Head",Red Meat,"2,959.101,432.10918281.6272.355.1739,872.509,576.20266.829.5193.8182.411.42,913.001,409.70903.7277.2268.154.271.89,794.609,500.70264.729.3183.5172.610.8"
30,2011-04-01,2011,4,"1,000 Head",Poultry,"686,762.0011,776.0019,061.00"
31,2011-04-01,2011,4,"1,000 Head",Red Meat,"2,719.101,327.10812.8285.2241.552.558.98,628.808,362.30238.727.8207.7195.612.12,677.701,306.90800.4280.9237.851.757.98,559.408,295.10236.827.6191.8180.611.2"
32,2011-05-01,2011,5,"1,000 Head",Poultry,"745,396.0012,581.0020,555.00"
33,2011-05-01,2011,5,"1,000 Head",Red Meat,"2,818.701,452.40794300223.448.961.28,542.608,272.10243.127.4180.2163.816.42,777.501,431.10782.4295.6220.148.2608,470.408,202.1024127.2165.8150.815.1"
34,2011-06-01,2011,6,"1,000 Head",Poultry,"752,493.0013,109.0022,203.00"
35,2011-06-01,2011,6,"1,000 Head",Red Meat,"3,101.701,618.40890323.1222.24872.58,939.008,640.50269.828.6183.7166.417.33,058.401,595.80877.6318.6219.147.371.58,865.608,569.60267.628.4168.2152.415.8"
36,2011-07-01,2011,7,"1,000 Head",Poultry,"699,465.0012,162.0019,369.00"
37,2011-07-01,2011,7,"1,000 Head",Red Meat,"2,764.501,423.60771316.2209.843.873.48,157.807,901.1023125.7164.6152.512.12,728.301,405.00760.9312.1207.143.272.48,088.807,834.3022925.5149.6138.611"
38,2011-08-01,2011,8,"1,000 Head",Poultry,"767,360.0013,507.0022,091.00"
39,2011-08-01,2011,8,"1,000 Head",Red Meat,"3,097.101,583.50852.9360.3248.152.280.19,530.009,229.00272.828.3198.7186.112.63,053.101,560.90840.8355.2244.651.578.99,440.009,141.80270.228182.617111.6"
40,2011-09-01,2011,9,"1,000 Head",Poultry,"721,908.0012,778.0020,437.00"
41,2011-09-01,2011,9,"1,000 Head",Red Meat,"2,876.001,385.50816.6369.3251.153.573.89,691.109,393.90268.428.8177163.813.22,830.401,363.50803.7363.4247.152.772.59,603.409,308.9026628.5162.8150.712.1"
42,2011-10-01,2011,10,"1,000 Head",Poultry,"701,599.0011,999.0023,264.00"
43,2011-10-01,2011,10,"1,000 Head",Red Meat,"2,856.901,370.50824.1363.9247.450.972.79,903.809,609.70267.526.6175160.514.52,803.701,345.00808.8357.1242.85071.59,822.409,530.80265.326.4160.8147.513.3"
44,2011-11-01,2011,11,"1,000 Head",Poultry,"666,201.0010,958.0022,875.00"
45,2011-11-01,2011,11,"1,000 Head",Red Meat,"2,784.701,323.30787.736625750.773.110,042.409,744.50270.327.6187.2174.113.12,739.101,301.70774.8360252.849.971.99,968.109,672.40268.327.4171.916012"
46,2011-12-01,2011,12,"1,000 Head",Poultry,"659,298.0011,560.0018,999.00"
47,2011-12-01,2011,12,"1,000 Head",Red Meat,"2,753.401,337.30759345.4266.545.3739,941.809,650.80261.529.5180.116911.12,706.301,314.30746339.5261.944.571.89,867.609,578.80259.529.3167.2156.910.3"
48,2012-01-01,2012,1,"1,000 Head",Poultry,"707,215.0012,845.0019,401.00"
49,2012-01-01,2012,1,"1,000 Head",Red Meat,"2,714.701,308.50779.9313.8268.743.867.79,539.209,266.30246.526.4164.9155.992,665.501,284.80765.8308.1263.84366.69,466.809,195.90244.626.2153.8145.38.4"
50,2012-02-01,2012,2,"1,000 Head",Poultry,"674,192.0011,056.0019,030.00"
51,2012-02-01,2012,2,"1,000 Head",Red Meat,"2,557.601,205.20794.5251.5265.640.860.29,044.708,779.70236.628.4165.3156.29.12,514.701,184.90781.2247.3261.140.159.38,974.808,711.90234.828.2154.6146.18.5"
52,2012-03-01,2012,3,"1,000 Head",Poultry,"699,277.0012,264.0020,565.00"
53,2012-03-01,2012,3,"1,000 Head",Red Meat,"2,753.401,324.20852.9247.7282.146.459.59,520.709,242.9024730.7189.9180.59.42,713.001,304.70840.4244.127845.758.59,453.609,177.70245.330.51801718.9"
54,2012-04-01,2012,4,"1,000 Head",Poultry,"683,191.0012,978.0019,776.00"
55,2012-04-01,2012,4,"1,000 Head",Red Meat,"2,569.501,271.10777.5233.4243.743.856.58,827.108,568.40232.825.9180.9169.811.12,528.101,250.60765229.6239.843.155.48,757.308,500.5023125.7165.8155.710.2"
56,2012-05-01,2012,5,"1,000 Head",Poultry,"749,248.0014,205.0021,812.00"
57,2012-05-01,2012,5,"1,000 Head",Red Meat,"2,875.601,509.70797.1266.5254.847.559.29,285.009,002.30253.729180168.311.72,835.901,488.90786.1262.8251.346.858.29,211.908,931.50251.728.8164.4153.710.7"
58,2012-06-01,2012,6,"1,000 Head",Poultry,"706,126.0013,236.0021,112.00"
59,2012-06-01,2012,6,"1,000 Head",Red Meat,"2,864.101,523.90784.7275.3232.347.955.98,548.708,274.10245.229.3168.6157.810.82,825.801,503.50774.2271.6229.247.3558,481.308,208.90243.329.1154.8144.89.9"
60,2012-07-01,2012,7,"1,000 Head",Poultry,"722,612.0011,304.0021,223.00"
61,2012-07-01,2012,7,"1,000 Head",Red Meat,"2,792.801,477.00736.3291.2242.34667.48,566.308,294.10244.228178.4164.4142,755.201,457.20726.4287.323945.466.58,492.608,222.80242.127.8164.5151.612.9"
62,2012-08-01,2012,8,"1,000 Head",Poultry,"760,582.0013,716.0022,933.00"
63,2012-08-01,2012,8,"1,000 Head",Red Meat,"2,997.701,528.00848.9289.9279.551.472.79,943.409,624.40285.833.3200.5183.5172,952.301,504.90836285.5275.350.671.69,858.109,541.80283.333185.5169.815.7"
64,2012-09-01,2012,9,"1,000 Head",Poultry,"663,470.0011,737.0019,317.00"
65,2012-09-01,2012,9,"1,000 Head",Red Meat,"2,542.701,259.20721.3260.1255.446.764.39,455.009,174.60253.327174.1154.719.42,497.101,236.60708.4255.4250.845.963.29,375.609,097.60251.226.8160.6142.717.9"
66,2012-10-01,2012,10,"1,000 Head",Poultry,"745,981.0011,962.0024,978.00"
67,2012-10-01,2012,10,"1,000 Head",Red Meat,"2,954.701,459.70819.6331.929152.47310,856.3010,531.8029331.5208.1186.221.92,897.401,431.40803.7325.5285.451.471.610,769.7010,447.80290.731.2189.5169.619.9"
68,2012-11-01,2012,11,"1,000 Head",Poultry,"674,146.0010,408.0022,198.00"
69,2012-11-01,2012,11,"1,000 Head",Red Meat,"2,785.001,329.20798335.4273.249.270.410,107.809,818.20258.830.8182.2170.2122,740.301,307.90785.2330268.848.469.410,030.409,743.00256.830.6165.5154.610.9"
70,2012-12-01,2012,12,"1,000 Head",Poultry,"642,959.0011,485.0017,847.00"
71,2012-12-01,2012,12,"1,000 Head",Red Meat,"2,543.001,224.70708.7302263.244.465.49,469.109,206.50235.926.7190179.910.12,500.101,204.10696.7296.9258.843.764.59,393.309,132.7023426.5173.3164.19.2"
72,2013-01-01,2013,1,"1,000 Head",Poultry,"734,639.0013,906.0020,705.00"
73,2013-01-01,2013,1,"1,000 Head",Red Meat,"2,835.901,396.30808.9286.1302.342.471.29,956.409,662.10262.531.8177.4168.19.32,785.201,371.30794.4281296.941.670.29,885.009,592.80260.631.6164.7156.18.6"
74,2013-02-01,2013,2,"1,000 Head",Poultry,"649,727.0011,077.0018,508.00"
75,2013-02-01,2013,2,"1,000 Head",Red Meat,"2,358.101,131.30701.6223.6264.337.359.68,591.208,338.30224.128.8162.3152.79.62,314.601,110.50688.7219.5259.436.658.78,526.108,275.10222.428.6150.3141.48.9"
76,2013-03-01,2013,3,"1,000 Head",Poultry,"679,303.0011,287.0019,133.00"
77,2013-03-01,2013,3,"1,000 Head",Red Meat,"2,586.901,240.70775.1249.1278.743.262.69,316.209,039.90246.629.7197.3187.210.12,544.901,220.60762.5245.1274.242.561.69,251.908,977.60244.929.5184174.59.4"
78,2013-04-01,2013,4,"1,000 Head",Poultry,"719,688.0013,931.0020,494.00"
79,2013-04-01,2013,4,"1,000 Head",Red Meat,"2,731.101,333.70792.5284.4272.647.858.79,358.309,069.90256.731.7191.8180.211.62,688.701,313.10780.2280268.447.157.79,292.209,005.80254.931.5174.9164.310.6"
80,2013-05-01,2013,5,"1,000 Head",Poultry,"743,372.0013,317.0020,829.00"
81,2013-05-01,2013,5,"1,000 Head",Red Meat,"2,863.001,475.50773.3311.9251.251.158.69,210.408,920.70258.731208.4194.713.72,822.701,454.70762.4307.5247.750.457.69,146.708,859.10256.930.8188.4176.112.4"
82,2013-06-01,2013,6,"1,000 Head",Poultry,"679,881.0011,451.0019,666.00"
83,2013-06-01,2013,6,"1,000 Head",Red Meat,"2,730.901,454.80736.4268.9223.447.357.68,196.207,947.10222.127183.617211.62,692.901,434.60726.2265.2220.346.656.78,132.107,884.90220.426.8167.7157.210.6"
84,2013-07-01,2013,7,"1,000 Head",Poultry,"748,385.0011,660.0021,579.00"
85,2013-07-01,2013,7,"1,000 Head",Red Meat,"2,894.901,494.40819.5278.5254.248.4709,077.408,802.50244.330.6213.7201.412.32,855.501,474.00808.3274.7250.747.769.19,002.908,730.30242.330.3192.9181.811.1"
86,2013-08-01,2013,8,"1,000 Head",Poultry,"742,973.0013,575.0020,380.00"
87,2013-08-01,2013,8,"1,000 Head",Red Meat,"2,817.301,437.70812.4244.7269.752.864.49,555.309,275.80248.131.4207.9196.611.32,778.401,417.80801.2241.326652.163.59,473.909,196.8024631.1189.5179.110.3"
88,2013-09-01,2013,9,"1,000 Head",Poultry,"694,243.0011,730.0018,262.00"
89,2013-09-01,2013,9,"1,000 Head",Red Meat,"2,608.901,316.00746.9231.9262.751.362.99,023.908,761.20236.526.2184.8173.311.52,567.901,295.20735.2228.3258.650.5628,952.308,691.60234.626167.2156.810.4"
90,2013-10-01,2013,10,"1,000 Head",Poultry,"768,507.0012,373.0021,644.00"
91,2013-10-01,2013,10,"1,000 Head",Red Meat,"2,904.301,428.60861.6277.328254.969.410,420.0010,113.60276.230.2208.3190.717.62,851.101,402.50845.8272.2276.853.968.510,340.5010,036.40274.130186.5170.715.8"
92,2013-11-01,2013,11,"1,000 Head",Poultry,"655,869.009,003.0020,941.00"
93,2013-11-01,2013,11,"1,000 Head",Red Meat,"2,569.101,281.90712.3272.2253.249.560.69,641.409,378.70235.527.2183.9169.814.12,527.301,261.10700.7267.8249.148.759.79,579.009,317.9023427169.5156.513"
94,2013-12-01,2013,12,"1,000 Head",Poultry,"687,163.0011,696.0017,263.00"
95,2013-12-01,2013,12,"1,000 Head",Red Meat,"2,561.901,269.80738.7251.9261.240.366.59,730.109,459.6024228.5199.3186.912.42,517.801,248.00726247.6256.739.665.89,665.309,396.60240.428.3184.617311.5"
96,2014-01-01,2014,1,"1,000 Head",Poultry,"706,201.0012,721.0018,251.00"
97,2014-01-01,2014,1,"1,000 Head",Red Meat,"2,679.001,322.60764.4274274.843.162.89,790.009,520.90241.427.7180.6169.6112,633.801,300.10751.5269.4270.242.4629,726.209,459.00239.827.5166.9156.710.2"
98,2014-02-01,2014,2,"1,000 Head",Poultry,"665,772.0011,371.0017,025.00"
99,2014-02-01,2014,2,"1,000 Head",Red Meat,"2,244.101,116.80646.1202.1240.938.352.18,667.708,422.80218.626.3167.9157.9102,204.201,096.80634.6198.5236.637.651.58,608.808,365.60217.126.1155.4146.19.3"
100,2014-03-01,2014,3,"1,000 Head",Poultry,"689,189.0011,761.0018,419.00"
101,2014-03-01,2014,3,"1,000 Head",Red Meat,"2,449.101,217.60711.6223.6249.646.653.68,673.708,413.80230.229.7189.8179.410.42,410.501,198.40700.4220.1245.745.952.98,613.808,355.60228.629.5176.5166.89.7"
102,2014-04-01,2014,4,"1,000 Head",Poultry,"711,014.0012,662.0019,119.00"
103,2014-04-01,2014,4,"1,000 Head",Red Meat,"2,595.301,353.90725.9231.9233.450.348.88,858.108,589.20238.630.2221.5207.713.82,555.701,333.20714.8228.4229.849.5488,793.808,526.90236.930204191.312.7"
104,2014-05-01,2014,5,"1,000 Head",Poultry,"712,142.0013,165.0019,283.00"
105,2014-05-01,2014,5,"1,000 Head",Red Meat,"2,635.601,448.00692.2236.6212.646.246.68,618.408,366.8022526.6194179.914.12,597.201,427.00682.1233.2209.545.545.98,561.408,311.50223.526.4176.5163.712.8"
106,2014-06-01,2014,6,"1,000 Head",Poultry,"712,605.0011,999.0020,145.00"
107,2014-06-01,2014,6,"1,000 Head",Red Meat,"2,606.401,417.20725.7214.3202.546.745.38,098.207,850.9022126.3193180132,568.301,396.50715.1211.2199.54644.68,040.407,794.90219.426.1175.3163.511.8"
108,2014-07-01,2014,7,"1,000 Head",Poultry,"743,158.0011,746.0020,783.00"
109,2014-07-01,2014,7,"1,000 Head",Red Meat,"2,601.701,411.70703.1201.8235.25048.48,459.908,200.00230.329.6210.4195.614.82,561.901,390.10692.3198.7231.649.247.88,394.108,136.20228.529.4188.9175.613.3"
110,2014-08-01,2014,8,"1,000 Head",Poultry,"709,909.0012,583.0020,139.00"
111,2014-08-01,2014,8,"1,000 Head",Red Meat,"2,499.601,338.60695.5184.5231.949.143.68,269.108,019.80220.828.5181169.111.92,462.701,318.80685.2181.8228.548.4438,199.407,952.30218.928.3161.4150.810.6"
112,2014-09-01,2014,9,"1,000 Head",Poultry,"731,821.0012,232.0020,207.00"
113,2014-09-01,2014,9,"1,000 Head",Red Meat,"2,531.101,334.90713.2192241.649.342.48,829.208,561.70238.928.6191.7177.913.82,489.801,313.10701.6188.9237.748.541.88,762.108,496.60237.128.4172.8160.212.4"
114,2014-10-01,2014,10,"1,000 Head",Poultry,"770,448.0012,496.0023,220.00"
115,2014-10-01,2014,10,"1,000 Head",Red Meat,"2,639.901,331.20780.7220.2256.651.243.39,951.409,657.40261.832.2207.4192.714.72,590.501,306.30766.1216.1251.850.242.69,880.309,588.40259.932186.8173.613.2"
116,2014-11-01,2014,11,"1,000 Head",Poultry,"644,635.009,084.0020,882.00"
117,2014-11-01,2014,11,"1,000 Head",Red Meat,"2,246.801,102.20668.6211.4221.64335.98,809.808,563.30220.825.7172.816210.82,209.701,084.10657.6207.9217.942.335.28,754.208,509.30219.425.5157.1147.39.8"
118,2014-12-01,2014,12,"1,000 Head",Poultry,"728,499.0012,415.0019,144.00"
119,2014-12-01,2014,12,"1,000 Head",Red Meat,"2,439.301,234.10686.9214261.243439,850.309,562.10259.928.3199.518811.52,397.901,213.20675.2210.4256.842.342.29,787.909,501.40258.328.1182.8172.310.5"
120,2015-01-01,2015,1,"1,000 Head",Poultry,"724,605.0011,964.0019,529.00"
121,2015-01-01,2015,1,"1,000 Head",Red Meat,"2,417.601,229.40660.6209.1280.238.439.99,758.909,493.80236.628.6167157.49.62,376.501,208.60649.4205.5275.437.739.39,698.409,435.00235.128.4153144.28.8"
122,2015-02-01,2015,2,"1,000 Head",Poultry,"654,114.0011,408.0017,334.00"
123,2015-02-01,2015,2,"1,000 Head",Red Meat,"2,170.201,072.70637.8183246.430.336.79,077.108,833.00223.520.6164155.68.42,134.501,055.10627.3180242.329.836.19,017.708,775.2022220.5149.9142.27.7"
124,2015-03-01,2015,3,"1,000 Head",Poultry,"741,932.0011,998.0020,101.00"
125,2015-03-01,2015,3,"1,000 Head",Red Meat,"2,381.001,198.60687.4191.8265.138.139.89,887.509,615.30249.123.2205.2194.910.32,341.501,178.60676188.6260.737.539.29,817.609,547.30247.323190180.59.5"
126,2015-04-01,2015,4,"1,000 Head",Poultry,"725,462.0012,444.0020,161.00"
127,2015-04-01,2015,4,"1,000 Head",Red Meat,"2,383.301,255.20645.5194.6246.741.335.49,676.809,417.00235.724.2199.3188.510.82,345.901,235.40635.4191.5242.840.734.79,611.909,353.80234.124179.1169.49.7"
128,2015-05-01,2015,5,"1,000 Head",Poultry,"704,622.0010,696.0017,758.00"
129,2015-05-01,2015,5,"1,000 Head",Red Meat,"2,379.401,346.90597.4180.9217.13733.28,745.508,491.70231.921.9169.4158.910.52,345.001,327.40588.8178.321436.532.78,686.108,434.00230.321.8152.7143.29.5"
130,2015-06-01,2015,6,"1,000 Head",Poultry,"747,482.0011,247.0019,069.00"
131,2015-06-01,2015,6,"1,000 Head",Red Meat,"2,466.001,420.90593.2184.4224.842.735.29,427.409,148.90252.825.7194.9183.411.52,430.001,400.20584.5181.7221.542.134.59,363.809,087.30251.125.5172.8162.610.2"
132,2015-07-01,2015,7,"1,000 Head",Poultry,"762,580.0010,853.0019,286.00"
133,2015-07-01,2015,7,"1,000 Head",Red Meat,"2,493.301,437.60599.1173.72424136.59,402.009,130.60246.824.6188177.410.62,458.501,417.50590.7171.3238.640.4369,331.909,062.5024524.4166.8157.49.4"
134,2015-08-01,2015,8,"1,000 Head",Poultry,"740,822.0010,078.0019,259.00"
135,2015-08-01,2015,8,"1,000 Head",Red Meat,"2,323.301,333.80566.3154.1228.840.234.59,347.109,092.7023123.5175.2164.610.62,288.401,313.80557.8151.8225.439.633.99,272.109,019.70229.123.3155.5146.19.4"
136,2015-09-01,2015,9,"1,000 Head",Poultry,"748,689.0010,928.0018,991.00"
137,2015-09-01,2015,9,"1,000 Head",Red Meat,"2,474.601,411.10573.9188.8255.944.937.39,728.109,459.30246.222.6192.9180.312.62,434.701,388.40564.6185.8251.844.236.89,651.809,385.10244.322.4167.4156.610.9"
138,2015-10-01,2015,10,"1,000 Head",Poultry,"743,348.0011,668.0022,169.00"
139,2015-10-01,2015,10,"1,000 Head",Red Meat,"2,514.301,359.70650.4200.3261.242.840.210,248.009,977.50246.823.7185.9175.210.72,469.401,335.30638.8196.7256.54239.610,172.509,904.0024523.5166.3156.79.6"
140,2015-11-01,2015,11,"1,000 Head",Poultry,"674,127.009,518.0020,245.00"
141,2015-11-01,2015,11,"1,000 Head",Red Meat,"2,296.201,205.40614.5203.9234.437.938.89,765.509,527.10221.417181.41729.42,258.501,185.60604.4200.6230.637.338.29,700.009,463.20219.916.9162.6154.18.4"
142,2015-12-01,2015,12,"1,000 Head",Poultry,"720,679.0011,428.0018,487.00"
143,2015-12-01,2015,12,"1,000 Head",Red Meat,"2,452.401,306.10643.9207.8259.535.145.110,361.4010,088.90249.922.7200.4189.311.12,413.501,285.50633.7204.5255.434.544.510,291.7010,021.00248.222.5182.3172.210.1"
144,2016-01-01,2016,1,"1,000 Head",Poultry,"699,346.0011,294.0018,697.00"
145,2016-01-01,2016,1,"1,000 Head",Red Meat,"2,359.201,235.60621.6200.127031.941.79,744.309,490.00233.920.4160.81537.82,319.901,215.10611.2196.8265.531.441.29,682.209,429.50232.420.3144.4137.47"
146,2016-02-01,2016,2,"1,000 Head",Poultry,"699,896.0011,448.0018,298.00"
147,2016-02-01,2016,2,"1,000 Head",Red Meat,"2,290.901,177.20628.6191.3260.93336.49,429.709,169.30237.223.3176.1167.58.62,251.801,157.20617.9188256.432.435.89,363.709,105.10235.523.1159.9152.17.8"
148,2016-03-01,2016,3,"1,000 Head",Poultry,"760,404.0013,059.0020,130.00"
149,2016-03-01,2016,3,"1,000 Head",Red Meat,"2,534.101,337.10679.4210.5266.540.535.910,088.309,807.80259.421.2206.5197.49.12,492.901,315.40668.4207.1262.239.835.210,015.409,736.90257.521187.5179.28.3"
150,2016-04-01,2016,4,"1,000 Head",Poultry,"707,069.0011,514.0019,382.00"
151,2016-04-01,2016,4,"1,000 Head",Red Meat,"2,409.101,339.50594.9202.3230.441.934.89,367.409,104.10236.426.9189.8179.510.32,373.301,319.60586.1199.322741.334.29,302.909,041.40234.826.7169.7160.59.2"
152,2016-05-01,2016,5,"1,000 Head",Poultry,"745,305.0011,684.0020,197.00"
153,2016-05-01,2016,5,"1,000 Head",Red Meat,"2,515.401,450.20591.8212.9217.842.735.69,180.408,924.10228.627.7185.7174.611.12,478.801,429.10583.2209.8214.642.134.99,113.608,859.30226.927.5166.7156.810"
154,2016-06-01,2016,6,"1,000 Head",Poultry,"754,657.0012,391.0021,864.00"
155,2016-06-01,2016,6,"1,000 Head",Red Meat,"2,706.001,588.70621.1222226.747.537.79,568.209,301.30241.525.4195.9184.411.52,669.801,567.50612.8219223.746.9379,504.509,239.40239.925.2174163.810.2"
156,2016-07-01,2016,7,"1,000 Head",Poultry,"708,391.0010,984.0019,727.00"
157,2016-07-01,2016,7,"1,000 Head",Red Meat,"2,474.901,432.50589.3194.6216.142.337.78,761.508,510.60223.427.5170.2161.48.82,442.901,414.10581.7192.1213.341.837.18,695.908,446.80221.727.3152.4144.57.9"
158,2016-08-01,2016,8,"1,000 Head",Poultry,"793,503.0013,558.0022,419.00"
159,2016-08-01,2016,8,"1,000 Head",Red Meat,"2,750.601,539.40700.6213.5248.248.940.910,390.9010,101.20257.232.5193.4181.711.72,710.801,517.20690.5210.4244.648.240.310,308.1010,020.70255.232.2173.3162.810.5"
160,2016-09-01,2016,9,"1,000 Head",Poultry,"745,766.0011,772.0020,247.00"
161,2016-09-01,2016,9,"1,000 Head",Red Meat,"2,619.301,445.50663.2214.424947.142.510,170.509,891.80248.430.3194182.711.32,577.801,422.70652.7211245.146.441.810,096.109,819.50246.630.1170.1160.29.9"
162,2016-10-01,2016,10,"1,000 Head",Poultry,"731,963.0010,787.0021,673.00"
163,2016-10-01,2016,10,"1,000 Head",Red Meat,"2,637.701,410.90703.1238.4241.44448.310,446.3010,174.00244.727.6181.6171.410.22,592.101,386.50690.9234.3237.243.247.610,369.1010,098.80242.927.4163153.89.2"
164,2016-11-01,2016,11,"1,000 Head",Poultry,"712,780.0011,210.0021,727.00"
165,2016-11-01,2016,11,"1,000 Head",Red Meat,"2,669.001,411.80720.5247.7246.642.447.310,605.3010,325.50249.929.9186.9176.9102,632.201,392.30710.6244.3243.241.846.610,538.5010,260.50248.329.7169.6160.59.1"
166,2016-12-01,2016,12,"1,000 Head",Poultry,"709,319.0010,886.0018,894.00"
167,2016-12-01,2016,12,"1,000 Head",Red Meat,"2,612.001,378.80703234.1256.939.248.910,467.1010,193.50244.529.1197187.29.82,572.201,357.80692.3230.525338.648.110,398.0010,126.10242.928.9178.9169.98.9"
168,2017-01-01,2017,1,"1,000 Head",Poultry,"749,288.0011,080.0019,571.00"
169,2017-01-01,2017,1,"1,000 Head",Red Meat,"2,576.901,335.40707.9223.1273.736.846.610,126.309,853.70245.726.9177.4168.78.72,533.301,312.80695.9219.3269.136.245.910,058.809,788.10244.126.7161.6153.77.9"
170,2017-02-01,2017,2,"1,000 Head",Poultry,"679,684.0010,537.0018,128.00"
171,2017-02-01,2017,2,"1,000 Head",Red Meat,"2,369.201,221.90645.4205.5257.538.940.29,370.509,109.50234.626.4159.4151.67.82,329.501,201.40634.6202.1253.238.239.69,310.209,050.90233.126.2144.8137.77.1"
172,2017-03-01,2017,3,"1,000 Head",Poultry,"771,634.0012,027.0021,033.00"
173,2017-03-01,2017,3,"1,000 Head",Red Meat,"2,768.301,435.50776.1234.7275.446.64510,681.0010,375.60273.931.5196.3187.88.52,725.501,413.30764.1231.1271.145.944.310,611.2010,307.70272.131.3177.3169.67.7"
174,2017-04-01,2017,4,"1,000 Head",Poultry,"690,347.0010,591.0017,365.00"
175,2017-04-01,2017,4,"1,000 Head",Red Meat,"2,463.301,352.70619.3214.8231.744.7399,342.809,079.90234.628.3179.7169.110.62,425.001,331.60609.7211.5228.14438.49,282.009,020.70233.128.1156.11479.2"
176,2017-05-01,2017,5,"1,000 Head",Poultry,"782,516.0011,922.0021,028.00"
177,2017-05-01,2017,5,"1,000 Head",Red Meat,"2,753.801,549.20677.6235.2240.851.139.39,952.109,664.30256.231.6180.8169.511.32,713.001,526.20667.6231.7237.250.338.59,886.409,600.60254.531.4157.1147.29.8"
178,2017-06-01,2017,6,"1,000 Head",Poultry,"763,011.0012,321.0021,174.00"
179,2017-06-01,2017,6,"1,000 Head",Red Meat,"2,859.001,604.40704.2255239.955.540.49,870.209,579.80257.732.7187.7176.611.12,821.001,583.10694.8251.6236.754.839.69,808.909,520.30256.132.5165.5155.79.8"
180,2017-07-01,2017,7,"1,000 Head",Poultry,"725,770.0010,593.0019,063.00"
181,2017-07-01,2017,7,"1,000 Head",Red Meat,"2,612.001,430.90681.6223.6228.847.139.19,017.908,767.80221.428.7166.9157.59.42,577.301,412.00672.5220.6225.846.538.38,953.408,705.00219.828.5146.3138.28.2"
182,2017-08-01,2017,8,"1,000 Head",Poultry,"809,685.0012,170.0022,300.00"
183,2017-08-01,2017,8,"1,000 Head",Red Meat,"2,943.501,574.40799.9245.1269.454.746.210,662.2010,368.80258.435194.6183.710.92,902.501,552.50788.8241.7265.653.945.410,583.3010,292.10256.534.7171.9162.49.6"
184,2017-09-01,2017,9,"1,000 Head",Poultry,"728,356.0010,531.0019,023.00"
185,2017-09-01,2017,9,"1,000 Head",Red Meat,"2,698.901,409.70759.5227.8253.848.143.610,287.1010,020.20234.332.6176.4166.4102,654.701,386.60747.1224.1249.647.342.910,213.209,948.30232.632.4153.9145.28.7"
186,2017-10-01,2017,10,"1,000 Head",Poultry,"783,000.0011,358.0023,008.00"
187,2017-10-01,2017,10,"1,000 Head",Red Meat,"2,801.301,422.30809.2256.5265.647.84410,997.8010,703.80260.533.5183.5174.68.92,753.301,397.90795.3252.12614743.210,922.2010,630.20258.733.3165.1157.18"
188,2017-11-01,2017,11,"1,000 Head",Poultry,"728,307.0011,163.0021,925.00"
189,2017-11-01,2017,11,"1,000 Head",Red Meat,"2,762.801,387.00815.726824745.242.510,548.0010,264.60251.232.2187.4178.492,726.001,368.40804.8264.4243.744.641.710,486.0010,204.30249.732167.3159.38"
190,2017-12-01,2017,12,"1,000 Head",Poultry,"704,485.0010,326.0018,062.00"
191,2017-12-01,2017,12,"1,000 Head",Red Meat,"2,580.401,303.40746.7237.3250.942.146.410,460.6010,184.90242.832.9188.1179.58.62,543.201,284.70735.9233.9247.341.545.610,400.3010,126.20241.432.7170.1162.37.8"
192,2018-01-01,2018,1,"1,000 Head",Poultry,"772,267.0010,188.0019,853.00"
193,2018-01-01,2018,1,"1,000 Head",Red Meat,"2,758.101,405.80759.7258.7294.539.44910,714.4010,418.40264.231.8180.6172.38.32,713.801,383.20747.5254.5289.838.848.410,652.8010,358.40262.731.6161.9154.57.4"
194,2018-02-01,2018,2,"1,000 Head",Poultry,"693,788.009,414.0018,109.00"
195,2018-02-01,2018,2,"1,000 Head",Red Meat,"2,417.901,196.30695.7224.126536.841.29,636.709,369.7023829164.3156.97.42,378.201,176.70684.3220.4260.636.240.49,578.109,312.70236.628.8146139.56.6"
196,2018-03-01,2018,3,"1,000 Head",Poultry,"742,817.0010,431.0019,049.00"
197,2018-03-01,2018,3,"1,000 Head",Red Meat,"2,701.601,348.20766.1250291.34643.710,722.6010,432.5025931.1201.5192.39.22,660.501,327.70754.4246.2286.945.34310,660.7010,372.30257.530.9185.2176.78.5"
198,2018-04-01,2018,4,"1,000 Head",Poultry,"731,074.0010,523.0019,131.00"
199,2018-04-01,2018,4,"1,000 Head",Red Meat,"2,639.501,387.00705.4248.2252.846.142.99,993.209,717.80245.829.6181.5170.810.72,599.101,365.70694.6244.4248.945.442.19,938.509,664.50244.529.4163.3153.79.6"
200,2018-05-01,2018,5,"1,000 Head",Poultry,"794,062.0011,150.0020,653.00"
201,2018-05-01,2018,5,"1,000 Head",Red Meat,"2,907.401,567.00768.8271.6248.451.646.510,217.909,923.70261.732.5201.819110.82,868.201,545.90758.4267.9245.150.945.710,162.609,870.00260.332.3177.8168.39.5"
202,2018-06-01,2018,6,"1,000 Head",Poultry,"744,790.0011,225.0019,600.00"
203,2018-06-01,2018,6,"1,000 Head",Red Meat,"2,878.801,545.90775.3265.7240.651.245.29,606.609,328.90247.230.5180.6170.310.32,841.501,525.90765.3262.3237.550.544.69,552.809,276.80245.830.3158.8149.69.1"
204,2018-07-01,2018,7,"1,000 Head",Poultry,"775,038.0011,157.0019,897.00"
205,2018-07-01,2018,7,"1,000 Head",Red Meat,"2,765.801,430.20783.1262.3243.147.147.99,594.109,321.50241.830.8180169.410.62,728.701,411.10772.6258.8239.846.5479,531.609,260.90240.230.6158148.89.3"
206,2018-08-01,2018,8,"1,000 Head",Poultry,"822,867.0011,997.0021,129.00"
207,2018-08-01,2018,8,"1,000 Head",Red Meat,"2,977.801,535.00840268.5283.650.852.511,155.3010,850.00270.135.2205.419312.42,937.301,514.10828.6264.8279.750.151.611,080.9010,777.70268.335174.1163.610.5"
208,2018-09-01,2018,9,"1,000 Head",Poultry,"719,006.009,618.0017,543.00"
209,2018-09-01,2018,9,"1,000 Head",Red Meat,"2,617.301,332.10753.9235.6251.344.548.69,649.409,389.30228.231.9172.21639.22,576.501,311.30742.1231.9247.443.847.89,583.209,324.80226.631.7148.1140.27.9"
210,2018-10-01,2018,10,"1,000 Head",Poultry,"819,956.0011,711.0023,876.00"
211,2018-10-01,2018,10,"1,000 Head",Red Meat,"2,959.501,474.90856.4284293.35153.811,644.6011,326.40281.137.1199.9189.310.62,908.401,449.20841.6279.1288.250.152.911,570.9011,254.60279.336.9176.1166.99.3"
212,2018-11-01,2018,11,"1,000 Head",Poultry,"729,068.0010,161.0020,732.00"
213,2018-11-01,2018,11,"1,000 Head",Red Meat,"2,800.801,391.50835.2260.2271.842.155.511,040.1010,754.1025531195.3185.49.92,762.101,372.20823.7256.626841.554.910,981.7010,697.10253.730.8174.1165.38.8"
214,2018-12-01,2018,12,"1,000 Head",Poultry,"689,771.008,831.0017,288.00"
215,2018-12-01,2018,12,"1,000 Head",Red Meat,"2,580.201,271.50764.2240.5264.93953.610,457.6010,189.20240.228.2201.8190.211.62,544.001,253.60753.5237.1261.238.55310,399.6010,132.70238.928176.2166.110.1"
216,2019-01-01,2019,1,"1,000 Head",Poultry,"788,098.0010,360.0019,485.00"
217,2019-01-01,2019,1,"1,000 Head",Red Meat,"2,831.401,376.90850.9261.9303.338.453.811,042.5010,742.00266.733.8187.2177.99.32,786.001,354.70837.3257.7298.437.85310,984.3010,685.40265.333.6165.7157.58.2"
218,2019-02-01,2019,2,"1,000 Head",Poultry,"697,844.008,708.0017,476.00"
219,2019-02-01,2019,2,"1,000 Head",Red Meat,"2,454.401,174.80734.9228.7283.332.748.510,104.109,839.70235.229.2168.7160.68.12,416.001,156.40723.4225.1278.932.247.910,051.009,788.0023429146.1139.17"
220,2019-03-01,2019,3,"1,000 Head",Poultry,"730,928.009,403.0018,028.00"
221,2019-03-01,2019,3,"1,000 Head",Red Meat,"2,648.701,240.30809.2251.730740.545.810,722.9010,439.20250.433.3190.4181.19.32,609.401,221.80797.2248302.439.945.110,667.1010,384.90249.133.1170.31628.3"
222,2019-04-01,2019,4,"1,000 Head",Poultry,"758,442.009,649.0018,436.00"
223,2019-04-01,2019,4,"1,000 Head",Red Meat,"2,829.401,436.80801.4271.2272.447.642.810,581.6010,291.50257.133.1235.7222.7132,788.801,416.30789.9267.3268.546.942.110,525.9010,237.30255.732.9204.5193.211.3"
224,2019-05-01,2019,5,"1,000 Head",Poultry,"803,160.0010,114.0019,102.00"
225,2019-05-01,2019,5,"1,000 Head",Red Meat,"2,938.901,544.00812.9271.7261.648.746.210,356.0010,069.00253.933.1210197.412.62,899.901,523.50802.1268.1258.148.145.510,301.3010,015.80252.632.9182171.210.9"
226,2019-06-01,2019,6,"1,000 Head",Poultry,"740,052.009,555.0018,582.00"
227,2019-06-01,2019,6,"1,000 Head",Red Meat,"2,808.001,477.00783.9262.6234.55044.49,989.509,716.70243.129.7175.4165.210.22,768.801,456.40773258.9231.249.343.79,938.609,667.30241.929.5151.6142.78.8"
228,2019-07-01,2019,7,"1,000 Head",Poultry,"814,443.009,068.0019,484.00"
229,2019-07-01,2019,7,"1,000 Head",Red Meat,"2,939.601,511.90853.2266.6260.147.853.610,578.5010,301.5025522188.617711.62,902.601,492.90842.5263.2256.847.25310,515.5010,240.10253.521.9162.6152.610"
230,2019-08-01,2019,8,"1,000 Head",Poultry,"805,342.0010,204.0020,316.00"
231,2019-08-01,2019,8,"1,000 Head",Red Meat,"2,926.001,462.00878265.3270.250.55110,865.5010,587.90246.231.4202.919012.92,887.201,442.60866.4261.8266.649.850.210,797.8010,521.90244.731.2171.3160.410.9"
232,2019-09-01,2019,9,"1,000 Head",Poultry,"766,832.009,814.0018,130.00"
233,2019-09-01,2019,9,"1,000 Head",Red Meat,"2,676.001,277.90830.7258.3259.649.649.210,644.4010,373.50239.731.2179.3168.3112,634.901,258.30817.9254.3255.648.848.410,581.0010,311.60238.331154.7145.39.5"
234,2019-10-01,2019,10,"1,000 Head",Poultry,"849,010.0010,135.0022,396.00"
235,2019-10-01,2019,10,"1,000 Head",Red Meat,"2,977.601,392.80928.3313.3291.15255.412,302.5012,000.40278.623.5206194.711.32,926.001,368.70912.2307.9286.151.154.612,233.2011,932.8027723.4179.8169.89.9"
236,2019-11-01,2019,11,"1,000 Head",Poultry,"712,323.009,038.0019,339.00"
237,2019-11-01,2019,11,"1,000 Head",Red Meat,"2,774.201,333.00835.8298.1259.647.746.511,331.4011,056.80245.329.2181169.811.22,737.201,315.20824.7294.1256.147.145.811,278.8011,005.50244.229.1158.9149.19.8"
238,2019-12-01,2019,12,"1,000 Head",Poultry,"757,769.008,958.0016,886.00"
239,2019-12-01,2019,12,"1,000 Head",Red Meat,"2,751.101,309.30844287.5269.241.149.911,394.1011,110.20256.927196.5184.811.72,712.601,291.00832.2283.5265.440.549.111,336.3011,053.80255.626.9172.9162.610.3"
240,2020-01-01,2020,1,"1,000 Head",Poultry,"820,185.0010,096.0019,325.00"
241,2020-01-01,2020,1,"1,000 Head",Red Meat,"2,900.701,371.90884.8299.9303.440.85011,814.3011,499.40284.430.5183.3173.110.22,854.201,349.90870.6295.1298.540.149.211,760.3011,446.80283.130.4161.3152.39"
242,2020-02-01,2020,2,"1,000 Head",Poultry,"716,853.009,220.0017,143.00"
243,2020-02-01,2020,2,"1,000 Head",Red Meat,"2,578.901,257.30759255.4270.336.939.710,722.6010,444.20249.428.9163.8154.59.32,539.101,237.80747.3251.5266.136.339.110,670.1010,393.10248.228.8142.6134.58.1"
244,2020-03-01,2020,3,"1,000 Head",Poultry,"810,822.0010,379.0019,436.00"
245,2020-03-01,2020,3,"1,000 Head",Red Meat,"2,922.301,400.40915.5274.1292.839.543.211,941.8011,625.90284.531.4187.7177.7102,874.601,377.60900.6269.628838.942.511,882.8011,568.50283.131.2165156.28.8"
246,2020-04-01,2020,4,"1,000 Head",Poultry,"752,639.009,818.0017,088.00"
247,2020-04-01,2020,4,"1,000 Head",Red Meat,"2,241.701,049.30644.1225.2286.13733.59,416.309,094.20293.928.2181.2170.510.72,189.101,024.70629219.9279.436.132.69,352.809,032.90291.928154.11459.1"
248,2020-05-01,2020,5,"1,000 Head",Poultry,"732,215.009,275.0016,483.00"
249,2020-05-01,2020,5,"1,000 Head",Red Meat,"2,278.001,123.70618.4256.4239.140.432.58,602.208,302.00280.320195.4184.710.72,222.501,096.20603.3250.2233.339.431.78,523.908,226.30277.719.8166.6157.49.1"
250,2020-06-01,2020,6,"1,000 Head",Poultry,"773,413.009,958.0019,110.00"
251,2020-06-01,2020,6,"1,000 Head",Red Meat,"2,879.101,526.90762.3306.3231.751.937.211,179.9010,859.60296.523.8193.218211.22,820.201,495.70746.730022750.835.911,103.6010,785.40294.523.6166.71579.7"
252,2020-07-01,2020,7,"1,000 Head",Poultry,"786,204.0010,284.0019,672.00"
253,2020-07-01,2020,7,"1,000 Head",Red Meat,"2,921.101,509.40846277.8238.249.741.111,224.0010,918.90280.324.8196.2183.412.82,865.601,480.70829.9272.5233.748.840.311,154.7010,851.40278.624.6163.9153.210.7"
254,2020-08-01,2020,8,"1,000 Head",Poultry,"771,711.009,980.0018,813.00"
255,2020-08-01,2020,8,"1,000 Head",Red Meat,"2,805.501,404.10864.9257.9229.848.734.111,122.0010,820.8027724.3178166.311.72,750.901,376.90848.1252.9225.347.833.411,047.2010,748.00275.124.1148.6138.89.8"
256,2020-09-01,2020,9,"1,000 Head",Poultry,"790,691.009,852.0018,334.00"
257,2020-09-01,2020,9,"1,000 Head",Red Meat,"2,815.101,419.10818.8271.7255.849.632.411,027.7010,724.50277.925.4185173122,755.701,389.20801.5266250.448.631.610,957.1010,655.90276.125.2154.4144.310"
258,2020-10-01,2020,10,"1,000 Head",Poultry,"787,752.0010,251.0021,082.00"
259,2020-10-01,2020,10,"1,000 Head",Red Meat,"2,950.101,442.50880.1312.2264.550.837.112,016.4011,709.90279.726.8182.517111.52,888.701,412.30861.8305.725949.736.311,949.3011,644.60278.126.7151141.59.5"
260,2020-11-01,2020,11,"1,000 Head",Poultry,"719,244.008,512.0018,849.00"
261,2020-11-01,2020,11,"1,000 Head",Red Meat,"2,707.901,317.10813.5301.9233.841.735.111,018.1010,743.00252.222.9181.3170.910.42,657.101,292.40798.2296.2229.440.934.410,961.0010,687.20250.922.8152.2143.58.7"
262,2020-12-01,2020,12,"1,000 Head",Poultry,"768,072.009,234.0017,668.00"
263,2020-12-01,2020,12,"1,000 Head",Red Meat,"2,785.301,348.00823.4293.6278.641.740.611,477.6011,165.90285.126.5197.8185.212.62,733.901,323.00808.2288.2273.540.94011,419.4011,109.30283.726.4168.5157.810.7"
264,2021-01-01,2021,1,"1,000 Head",Poultry,"745,333.008,876.0016,741.00"
265,2021-01-01,2021,1,"1,000 Head",Red Meat,"2,746.001,320.4081728728338.632.411,251.2010,952.40272.426.3162.4152.110.32,690.801,293.90800.6281.2277.337.831.811,191.6010,894.5027126.2140.7131.88.9"
266,2021-02-01,2021,2,"1,000 Head",Poultry,"676,811.008,622.0015,756.00"
267,2021-02-01,2021,2,"1,000 Head",Red Meat,"2,525.501,195.30784.7244.8270.929.73310,429.2010,162.60242.424.1163.9154.89.12,472.601,170.30768.3239.7265.229.132.510,376.1010,110.90241.224142.8134.97.9"
268,2021-03-01,2021,3,"1,000 Head",Poultry,"832,268.0010,012.0019,557.00"
269,2021-03-01,2021,3,"1,000 Head",Red Meat,"3,008.001,420.30927.8303.2308.548.231.711,740.6011,402.60310.127.9214.7201.7132,946.501,391.20908.8297302.247.23111,677.9011,341.70308.427.8188.517711.4"
270,2021-04-01,2021,4,"1,000 Head",Poultry,"762,490.009,966.0017,164.00"
271,2021-04-01,2021,4,"1,000 Head",Red Meat,"2,852.401,399.70846.3295.8262.947.727.410,824.2010,526.30271.826223.5208.115.42,793.701,370.90828.9289.7257.546.726.810,767.3010,471.00270.425.9189.8176.713.1"
272,2021-05-01,2021,5,"1,000 Head",Poultry,"738,974.009,627.0017,278.00"
273,2021-05-01,2021,5,"1,000 Head",Red Meat,"2,702.901,363.80769.4293.6228.347.925.39,649.209,382.7024422.5182.4168.114.32,645.101,334.70752.9287.3223.446.924.89,595.609,330.60242.622.4153.4141.412"
274,2021-06-01,2021,6,"1,000 Head",Poultry,"804,546.0010,871.0019,064.00"
275,2021-06-01,2021,6,"1,000 Head",Red Meat,"2,955.001,499.30837.3325242.351.131.810,646.9010,350.10270.526.3189.817415.82,896.801,469.90820.8318.6237.550.131.210,593.5010,298.20269.126.2158.9145.713.2"
276,2021-07-01,2021,7,"1,000 Head",Poultry,"769,482.009,965.0017,969.00"
277,2021-07-01,2021,7,"1,000 Head",Red Meat,"2,849.701,441.10803.9301.2252.251.333.69,789.709,515.00248.126.5189.317316.32,800.601,416.20790296247.950.432.99,736.709,463.60246.826.4153.5140.213.2"
278,2021-08-01,2021,8,"1,000 Head",Poultry,"799,291.009,871.0018,755.00"
279,2021-08-01,2021,8,"1,000 Head",Red Meat,"2,886.901,435.30827.3304.2266.353.934.810,616.0010,331.00259.525.5178.4162.615.82,834.301,409.10812.2298.7261.452.934.310,545.9010,262.90257.825.3147.5134.313.1"
280,2021-09-01,2021,9,"1,000 Head",Poultry,"794,794.009,380.0018,305.00"
281,2021-09-01,2021,9,"1,000 Head",Red Meat,"2,790.101,363.90813.5292.8270.249.734.210,761.0010,481.70253.425.9184.4167.816.62,732.101,335.50796.6286.7264.648.733.510,697.0010,419.40251.925.7153.7139.913.8"
282,2021-10-01,2021,10,"1,000 Head",Poultry,"771,996.009,208.0020,068.00"
283,2021-10-01,2021,10,"1,000 Head",Red Meat,"2,850.101,343.90877320.5261.347.435.511,082.2010,807.10247.927.3188.5173.5152,794.401,317.60859.9314.2256.246.534.711,020.4010,746.80246.527.1162149.112.9"
284,2021-11-01,2021,11,"1,000 Head",Poultry,"750,041.008,786.0018,619.00"
285,2021-11-01,2021,11,"1,000 Head",Red Meat,"2,859.501,351.10879.5333.525045.433.111,136.3010,855.20251.829.3196.6183.413.22,805.401,325.40862.9327.2245.344.532.511,080.7010,801.00250.529.2171.3159.811.5"
286,2021-12-01,2021,12,"1,000 Head",Poultry,"764,863.009,511.0016,387.00"
287,2021-12-01,2021,12,"1,000 Head",Red Meat,"2,824.301,337.50838.5331.8272.843.738.811,059.4010,773.60259.526.3189.5178.111.42,772.201,312.70823325.7267.842.938.111,005.1010,720.70258.226.2165.2155.39.9"
288,2022-01-01,2022,1,"1,000 Head",Poultry,"755,990.009,242.0016,734.00"
289,2022-01-01,2022,1,"1,000 Head",Red Meat,"2,703.301,272.70805.5321266.23832.310,410.1010,132.30254.223.6154.8145.39.52,648.701,247.00789.2314.5260.837.231.710,362.0010,085.5025323.5133.3125.18.2"
290,2022-02-01,2022,2,"1,000 Head",Poultry,"714,577.008,632.0015,859.00"
291,2022-02-01,2022,2,"1,000 Head",Red Meat,"2,686.601,238.00830.3307.6271.838.930.49,943.409,681.70240.421.3143.6134.49.22,634.201,213.80814.1301.6266.538.129.89,897.009,636.60239.321.2121.5113.77.8"
292,2022-03-01,2022,3,"1,000 Head",Poultry,"824,227.0010,116.0019,327.00"
293,2022-03-01,2022,3,"1,000 Head",Red Meat,"3,016.101,357.30953.2350.3303.352.132.711,250.2010,938.00283.628.6187.8177.110.72,955.101,329.80933.9343.2297.25131.911,196.6010,885.80282.228.5163.2153.99.3"
294,2022-04-01,2022,4,"1,000 Head",Poultry,"738,353.008,586.0016,547.00"
295,2022-04-01,2022,4,"1,000 Head",Red Meat,"2,813.001,354.80841.6323.8242.550.428.110,078.709,811.70243.323.7198.5185.912.62,759.001,328.90825.4317.6237.849.427.410,032.109,766.30242.223.6167.5156.910.6"
296,2022-05-01,2022,5,"1,000 Head",Poultry,"780,516.009,764.0016,579.00"
297,2022-05-01,2022,5,"1,000 Head",Red Meat,"2,815.601,369.40825.7341.1229.849.727.410,034.509,764.40246.423.7165153.911.12,759.701,342.20809.3334.3225.248.726.89,985.809,717.00245.223.6138.31299.3"
298,2022-06-01,2022,6,"1,000 Head",Poultry,"809,283.0010,776.0018,249.00"
299,2022-06-01,2022,6,"1,000 Head",Red Meat,"3,044.701,486.10909359.3237.752.629.110,505.4010,209.1026927.3174.2163.710.52,984.801,456.80891.1352.223351.628.610,450.6010,155.80267.627.2147.4138.48.9"
300,2022-07-01,2022,7,"1,000 Head",Poultry,"758,278.008,993.0016,040.00"
301,2022-07-01,2022,7,"1,000 Head",Red Meat,"2,779.601,322.40842.4333.1234.247.529.59,318.309,053.2023926.1163.8152.211.62,731.201,299.40827.7327.3230.146.728.99,263.709,000.20237.625.9132.9123.69.4"
302,2022-08-01,2022,8,"1,000 Head",Poultry,"862,696.0010,578.0018,334.00"
303,2022-08-01,2022,8,"1,000 Head",Red Meat,"3,076.101,489.20922.1341.1271.152.53410,989.6010,688.60275.225.9182.4170.811.63,018.901,461.40905334.8266.151.533.310,922.2010,623.00273.525.7155.3145.49.9"
304,2022-09-01,2022,9,"1,000 Head",Poultry,"806,793.0010,066.0017,188.00"
305,2022-09-01,2022,9,"1,000 Head",Red Meat,"2,897.801,383.30878.5317265.853.231.410,659.0010,372.60260.326.1171.916110.92,839.601,355.60860.9310.6260.552.130.910,597.2010,312.50258.825.9146.8137.59.3"
306,2022-10-01,2022,10,"1,000 Head",Poultry,"809,866.009,458.0019,420.00"
307,2022-10-01,2022,10,"1,000 Head",Red Meat,"2,902.901,320.70914.6357.6258.251.930.310,919.4010,627.00267.724.6170158.811.22,842.401,293.20895.5350.1252.850.829.710,857.3010,566.60266.224.5142.5133.19.4"
308,2022-11-01,2022,11,"1,000 Head",Poultry,"793,686.009,169.0017,794.00"
309,2022-11-01,2022,11,"1,000 Head",Red Meat,"2,904.901,310.30942.1349.8255.347.331.210,914.0010,639.60252.422181.1170.910.22,854.801,287.80925.9343.8250.946.530.710,862.7010,589.60251.221.9155.6146.88.8"
310,2022-12-01,2022,12,"1,000 Head",Poultry,"776,509.009,566.0016,154.00"
311,2022-12-01,2022,12,"1,000 Head",Red Meat,"2,684.701,216.00828.4327.427141.932.910,299.0010,026.20251.421.4178.5167.311.22,638.101,194.90814321.7266.341.232.410,246.509,975.00250.121.3154.4144.79.7"
